"","first_name","last_name"
"1","Brandon","Allen"
"2","Josh","Allen"
"3","Kyle","Allen"
"4","Derek","Anderson"
"5","Tony","Banks"
"6","Matt","Barkley"
"7","Charlie","Batch"
"8","C.J.","Beathard"
"9","Jeff","Blake"
"10","Drew","Bledsoe"
"11","David","Blough"
"12","Kyle","Boller"
"13","Brooks","Bollinger"
"14","Blake","Bortles"
"15","Sam","Bradford"
"16","Tom","Brady"
"17","Drew","Brees"
"18","Teddy","Bridgewater"
"19","Jacoby","Brissett"
"20","Aaron","Brooks"
"21","Mark","Brunell"
"22","Marc","Bulger"
"23","Joe","Burrow"
"24","Jason","Campbell"
"25","David","Carr"
"26","Derek","Carr"
"27","Quincy","Carter"
"28","Matt","Cassel"
"29","Chris","Chandler"
"30","Jimmy","Clausen"
"31","Kellen","Clemens"
"32","Kerry","Collins"
"33","Tim","Couch"
"34","Kirk","Cousins"
"35","Brodie","Croyle"
"36","Daunte","Culpepper"
"37","Jay","Cutler"
"38","Andy","Dalton"
"39","Sam","Darnold"
"40","Austin","Davis"
"41","Jake","Delhomme"
"42","Ty","Detmer"
"43","Trent","Dilfer"
"44","Ben","DiNucci"
"45","Ken","Dorsey"
"46","Jeff","Driskel"
"47","Trent","Edwards"
"48","Brett","Favre"
"49","A.J.","Feeley"
"50","Jay","Fiedler"
"51","Ryan","Finley"
"52","Ryan","Fitzpatrick"
"53","Joe","Flacco"
"54","Doug","Flutie"
"55","Nick","Foles"
"56","Josh","Freeman"
"57","Gus","Frerotte"
"58","Charlie","Frye"
"59","Blaine","Gabbert"
"60","Rich","Gannon"
"61","Jeff","Garcia"
"62","Jimmy","Garoppolo"
"63","David","Garrard"
"64","Garrett","Gilbert"
"65","Mike","Glennon"
"66","Jared","Goff"
"67","Bruce","Gradkowski"
"68","Elvis","Grbac"
"69","Trent","Green"
"70","Brian","Griese"
"71","Robert","Griffin III"
"72","Rex","Grossman"
"73","Joey","Harrington"
"74","Dwayne","Haskins"
"75","Matt","Hasselbeck"
"76","Tim","Hasselbeck"
"77","Chad","Henne"
"78","Justin","Herbert"
"79","Shaun","Hill"
"80","Devlin","Hodges"
"81","Kelly","Holcomb"
"82","Brian","Hoyer"
"83","Damon","Huard"
"84","Brett","Hundley"
"85","Jalen","Hurts"
"86","Chad","Hutchinson"
"87","Lamar","Jackson"
"88","Tarvaris","Jackson"
"89","Brad","Johnson"
"90","Doug","Johnson"
"91","Rob","Johnson"
"92","Daniel","Jones"
"93","Colin","Kaepernick"
"94","Case","Keenum"
"95","Cody","Kessler"
"96","Jon","Kitna"
"97","DeShone","Kizer"
"98","Kevin","Kolb"
"99","Craig","Krenzel"
"100","Byron","Leftwich"
"101","Matt","Leinart"
"102","Cleo","Lemon"
"103","Thaddeus","Lewis"
"104","Ryan","Lindley"
"105","Drew","Lock"
"106","Jake","Locker"
"107","J.P.","Losman"
"108","Ray","Lucas"
"109","Andrew","Luck"
"110","Jake","Luton"
"111","Tommy","Maddox"
"112","Patrick","Mahomes"
"113","Eli","Manning"
"114","Peyton","Manning"
"115","EJ","Manuel"
"116","Johnny","Manziel"
"117","Marcus","Mariota"
"118","Jamie","Martin"
"119","Shane","Matthews"
"120","Baker","Mayfield"
"121","Josh","McCown"
"122","Colt","McCoy"
"123","Matt","McGloin"
"124","Mike","McMahon"
"125","Donovan","McNabb"
"126","Steve","McNair"
"127","Zach","Mettenberger"
"128","Jim","Miller"
"129","Gardner","Minshew II"
"130","Rick","Mirer"
"131","Matt","Moore"
"132","Nick","Mullens"
"133","Kyler","Murray"
"134","Cam","Newton"
"135","J.T.","O'Sullivan"
"136","Dan","Orlovsky"
"137","Kyle","Orton"
"138","Brock","Osweiler"
"139","Curtis","Painter"
"140","Carson","Palmer"
"141","Rodney","Peete"
"142","Chad","Pennington"
"143","Jake","Plummer"
"144","Christian","Ponder"
"145","Dak","Prescott"
"146","Terrelle","Pryor"
"147","Brady","Quinn"
"148","Patrick","Ramsey"
"149","Tim","Rattay"
"150","Chris","Redman"
"151","Philip","Rivers"
"152","Aaron","Rodgers"
"153","Ben","Roethlisberger"
"154","Tony","Romo"
"155","Josh","Rosen"
"156","Sage","Rosenfels"
"157","Mason","Rudolph"
"158","JaMarcus","Russell"
"159","Matt","Ryan"
"160","Brett","Rypien"
"161","Mark","Sanchez"
"162","Tom","Savage"
"163","Matt","Schaub"
"164","Trevor","Siemian"
"165","Chris","Simms"
"166","John","Skelton"
"167","Alex","Smith"
"168","Geno","Smith"
"169","Troy","Smith"
"170","Matthew","Stafford"
"171","Drew","Stanton"
"172","Kordell","Stewart"
"173","Tua","Tagovailoa"
"174","Ryan","Tannehill"
"175","Tyrod","Taylor"
"176","Tim","Tebow"
"177","Vinny","Testaverde"
"178","Tyler","Thigpen"
"179","Mitchell","Trubisky"
"180","Alex","Van Pelt"
"181","Michael","Vick"
"182","Billy","Volek"
"183","Phillip","Walker"
"184","Seneca","Wallace"
"185","Andrew","Walter"
"186","Kurt","Warner"
"187","Deshaun","Watson"
"188","Brandon","Weeden"
"189","Chris","Weinke"
"190","Carson","Wentz"
"191","Charlie","Whitehurst"
"192","Russell","Wilson"
"193","Jameis","Winston"
"194","John","Wolford"
"195","Anthony","Wright"
"196","T.J.","Yates"
"197","Vince","Young"
